student,weight_pounds,height_cm,weight_kg
student7,80,165.10,36.287360
student2,100,149.86,45.359200
student1,90,162.56,40.823280
student3,95,175.26,43.091240
student5,80,152.40,36.287360
student6,85,157.48,38.555320
